"Code","Entity","region","continent","pop","per_cap_beef_kg_co2eq","per_cap_pork_kg_co2eq","per_cap_sheep_goat_kg_co2eq","per_cap_poultry_kg_co2eq","total_beef_kg_co2eq","total_pork_kg_co2eq","total_sheep_goat_kg_co2eq","total_poultry_kg_co2eq","impute_flag_per_cap_beef_kg_co2eq","impute_flag_per_cap_pork_kg_co2eq","impute_flag_per_cap_sheep_goat_kg_co2eq","impute_flag_per_cap_poultry_kg_co2eq","impute_per_cap_poultry_kg_co2eq"
"ABW","Aruba","Caribbean","Americas",106543,486.63850083,170.86038724,44.883278268,552.06577692,51847925.7939307,18203978.2377113,4781999.11650752,58818744.0703876,"*","*","*","*","*"
"AFG","Afghanistan","South Asia","Asia",40099460,199.17,0.2462,155.3052,15.1011,7986609448.2,9872487.052,6227654655.192,605545955.406,"","","","",""
"AGO","Angola","Central Africa","Africa",34503776,236.348346888,87.893380304,28.995596028,81.72358026,8154910418.99385,3032653505.89203,1000457550.3366,2819772107.20906,"","","","",""
"ALB","Albania","Southeast Europe","Europe",2854710,920.8293,94.787,320.9376,217.3374,2628700611.003,270589396.77,916183776.096,620435249.154,"","","","",""
"AND","Andorra","Western Europe","Europe",79057,1195.02,412.13875076,44.088508872,185.84919822,94474696.14,32582453.2188333,3485505.2458937,14692680.0636785,"*","*","*","*","*"
"ARE","United Arab Emirates","West Asia","Asia",9365149,1221.57613278,31.513604924,405.54127944,485.50535922,11440242498.3285,295129605.640394,3797954507.60624,4546830029.39382,"","","","",""
"ARG","Argentina","South America","Americas",45276788,3219.25070166,196.71377538,51.635988084,477.9053013,145757331537.911,8906567904.55988,2337911685.64979,21638017011.0362,"","","","",""
"ARM","Armenia","West Asia","Asia",2790971,1766.63730249,127.40846307,153.71634042,188.71433091,4930633478.76782,355593325.582941,429017848.338348,526696224.854214,"","","","",""
"ATG","Antigua and Barbuda","Caribbean","Americas",93229,554.30305605,88.25418148,96.113121408,669.02270085,51677119.6124855,8227849.08519892,8960530.19574643,62372317.3775446,"","","","",""
"AUS","Australia","Oceania Main","Oceania",25921094,1748.71233444,310.45813845,337.22276028,487.57794078,45328536799.9787,8047414589.82747,8741182868.15734,12638553635.2848,"","","","",""
"AUT","Austria","Central Europe","Europe",8922086,942.0734361,536.1001307,38.131172196,171.63918156,8405260215.1997,4783131470.71664,340209597.613521,1531379538.84793,"","","","",""
"AZE","Azerbaijan","West Asia","Asia",10312992,855.76696722,10.094198769,326.89556028,149.92527039,8825517886.80412,104101391.151107,3371271298.00316,1546178114.12991,"","","","",""
"BDI","Burundi","East Africa","Africa",12551215,79.004073444,10.4634959377,29.789988084,6.514198026,991597111.671434,131329587.165699,373900545.289722,81761099.9769016,"","","","",""
"BEL","Belgium","Western Europe","Europe",11611416,878.33996556,435.4048231,34.953611916,143.31244935,10198770729.5428,5055666529.42051,405860928.659233,1664060467.38178,"","","","",""
"BEN","Benin","West Africa","Africa",12996901,167.3028,11.4482993845,51.238792056,100.67399013,2174417928.6228,148792413.718707,665945507.711418,1308449882.99459,"","","","",""
"BFA","Burkina Faso","West Africa","Africa",22100690,331.949840664,187.97362614,134.650736448,91.29745065,7336320524.06446,4154346839.49604,2975874184.50895,2017736654.60595,"","","","",""
"BGD","Bangladesh","South Asia","Asia",169356240,84.315306639,0,55.210803972,16.088100987,14279323306.8281,0,9350294168.07498,2724620291.89861,"","","","",""
"BGR","Bulgaria","Southeast Europe","Europe",6885864,253.610019087,425.4339693,64.743655608,208.65197766,1746324100.47049,2929480453.57998,445816007.379525,1436749141.4978,"","","","",""
"BHR","Bahrain","West Asia","Asia",1463266,952.699122405,16.372345547,833.72506404,447.21095349,1394052234.04507,23957096.5791765,1219961539.55755,654388583.069498,"","","","",""
"BHS","Bahamas","Caribbean","Americas",407920,571.60389171,380.61588133,69.905484096,692.75838282,233168659.506343,155260830.312134,28515845.0724403,282589999.519934,"","","","",""
"BIH","Bosnia and Herzegovina","Southeast Europe","Europe",3270948,943.39957635,148.7044307,16.6823578968,194.63592624,3085810957.46288,486404460.189304,54567125.1978222,636643993.662875,"","","","",""
"BLR","Belarus","Eastern Europe","Europe",9578172,1224.23140083,473.93490152,4.3691992056,311.99063091,11725898924.9507,4539430003.56162,41848941.4935002,2988299925.2445,"","","","",""
"BLZ","Belize","Central America","Americas",400037,351.86082573,288.1720529,3.5747376396,272.60464266,140757349.142552,115279483.525957,1430027.32113267,109051943.435778,"","","","",""
"BOL","Bolivia","South America","Americas",12079474,1426.72056888,117.92975076,123.926348364,418.29046182,17234034017.0512,1424529358.1319,1496965102.97788,5052728758.00268,"","","","",""
"BRA","Brazil","South America","Americas",214326224,2301.0774,154.4905,26.6124,499.7181,493181230273.738,33111365508.872,5703735203.5776,107102693437.454,"","","","",""
"BRB","Barbados","Caribbean","Americas",281204,880.98288507,170.86038724,154.905807456,545.5072014,247735911.213224,48046624.333437,43560132.679857,153398807.062486,"","","","",""
"BRN","Brunei","Southeast Asia","Asia",445382,239.667880083,89.2475,10.7243992056,120.11788026,106743759.767127,39749230.045,4776454.36698854,53498341.7459593,"*","*","*","*","*"
"BTN","Bhutan","South Asia","Asia",777500,357.17361909,30.036013466,25.023278268,50.33634858,277702488.842475,23353000.469815,19455598.85337,39136511.02095,"","","","",""
"BWA","Botswana","Southern Africa","Africa",2588424,823.23473859,5.1701917523,80.23428084,38.49294078,2130880555.00008,13382648.4162554,207680338.148996,99636051.7455307,"","","","",""
"CAF","Central African Republic","Central Africa","Africa",5457165,1255.43144772,43.331079362,192.24428364,26.254127949,6851096556.39691,236464849.706529,1049108776.13028,143273108.148805,"","","","",""
"CAN","Canada","North America","Americas",38155012,1721.4927,226.6271,43.2948,403.2882,65683574626.4124,8646959720.0252,1651913613.5376,15387466110.4584,"","","","",""
"CHE","Switzerland","Central Europe","Europe",8691409,1311.86653278,347.51133693,52.827607944,173.81072961,11401968589.8029,3020363161.39543,459146347.132953,1510660139.62892,"","","","",""
"CHL","Chile","South America","Americas",19493184,2212.7793639,320.55251079,14.696403972,366.47322831,43134115291.9057,6248589074.49146,286479706.764527,7143730070.52084,"","","","",""
"CHN","China","East Asia","Asia",1425893504,501.2445,413.9853,151.3332,170.4549,714721276465.728,590298950021.491,215785026819.533,243050534634.97,"","","","",""
"CIV","Cote d'Ivoire","West Africa","Africa",27478250,97.5933,25.851,27.0096,25.8594,2681693095.725,710340240.75,742176541.2,710571058.05,"","","","",""
"CMR","Cameroon","West Africa","Africa",27198632,278.1741,23.019698769,61.168792056,40.7631,7565954977.8312,626104315.568884,1663707465.01567,1108700556.0792,"","","","",""
"COD","Democratic Republic of Congo","Central Africa","Africa",95894120,19.917,8.1246,9.1356,8.7843,1909923188.04,779101367.352,876050322.672,842362718.316,"","","","",""
"COG","Congo","Central Africa","Africa",5835814,167.966587137,108.57412614,11.5187912616,256.02763221,980221760.746325,633618405.365578,67221523.3075229,1494129640.43797,"","","","",""
"COK","Cook Islands","Oceania Islands","Oceania",17028,462.024162687,175.7757302325,36.541844913,307.780093845,7867347.44223424,2993109.13439901,622234.535178564,5240879.43799266,"*","*","*","*","*"
"COL","Colombia","South America","Americas",51516560,914.8542,149.4434,0.7944,343.8708,47130141285.552,7698809882.704,40924755.264,17715040700.448,"","","","",""
"COM","Comoros","Africa Islands","Africa",821632,248.29800249,2.0926948298,23.037542406,280.01122884,204009584.381864,1719425.03839823,18928382.0421266,230066185.974267,"","","","",""
"CPV","Cape Verde","Africa Islands","Africa",587936,133.440261828,138.23752083,87.381624744,226.31293125,78454333.778107,81274815.0467069,51374802.9254884,133057519.5474,"","","","",""
"CRI","Costa Rica","Central America","Americas",5153959,863.73409917,196.83693693,0,327.38795922,4451650134.02411,1014489502.62281,0,1687344118.91355,"","","","",""
"CUB","Cuba","Caribbean","Americas",11256373,272.86283361,116.45256307,26.215194042,324.82162104,3071445832.9511,1310833486.72195,295088002.40413,3656313324.89089,"","","","",""
"CYP","Cyprus","Southern Europe","Europe",1244193,477.342931536,463.5934921,155.70202266,261.85046832,593906734.01657,576799777.716375,193723366.679413,325792519.730466,"","","","",""
"CZE","Czechia","Central Europe","Europe",10510748,731.61793278,577.9546231,11.1216023832,230.85932961,7689851723.73152,6074735398.83908,116896360.006015,2426504236.97965,"","","","",""
"DEU","Germany","Central Europe","Europe",83408560,932.11546722,532.5304769,28.2011944392,174.00807039,77746408874.5474,44417600234.3423,2352221018.45368,14513762579.6085,"","","","",""
"DJI","Djibouti","East Africa","Africa",1105562,380.4140361,2.092696307,163.24892196,41.552624988,420571302.578788,2313605.51455953,180481804.659942,45939003.1869833,"","","","",""
"DMA","Dominica","Caribbean","Americas",72435,598.63119432,179.91009605,42.882800328,561.40922229,43361850.5605692,13031787.8073818,3106215.64175868,40665677.0165761,"","","","",""
"DNK","Denmark","Northern Europe","Europe",5854246,1570.78587303,324.12196763,28.995572196,188.71422234,9195766914.04239,1897489732.51006,169747212.546144,1104779481.27706,"","","","",""
"DOM","Dominican Republic","Caribbean","Americas",11117873,412.945693776,144.76556307,6.7523984112,348.9044013,4591077779.29846,1609485144.98575,75072307.9811234,3879074822.79443,"","","","",""
"DZA","Algeria","North Africa","Africa",44177964,234.356726556,0.12310001231,324.90963972,57.640805922,10353403028.9488,5438307.91223074,14353846366.8031,2546453448.9531,"","","","",""
"ECU","Ecuador","South America","Americas",17797736,863.73409917,156.21392462,15.888003972,244.28255922,15372511471.2255,2780254189.91066,282770500.260607,4347676498.40193,"","","","",""
"EGY","Egypt","North Africa","Africa",109262184,415.601386722,0.1231,25.4208,210.6258,45409515186.6743,13450174.8504,2777532127.0272,23013434914.7472,"","","","",""
"ERI","Eritrea","East Africa","Africa",3620324,280.1658,8.2476995076,60.771596028,17.272498026,1014290969.7192,29859344.4721525,220012867.618473,62532039.1434804,"*","*","*","*","*"
"ESP","Spain","Southern Europe","Europe",47486932,841.16123361,661.66245076,69.907196028,301.33109013,39944166301.4742,31420319806.1935,3319678264.09231,14309288986.4892,"","","","",""
"EST","Estonia","Northern Europe","Europe",1328704,639.33377469,496.2146228,14.6963551164,210.52645845,849485343.765702,659322354.172851,19527105.8285811,279727347.448349,"","","","",""
"ETH","Ethiopia","East Africa","Africa",120283024,228.381619917,0.24620001231,85.795211916,5.428500987,27470431869.6354,29613681.989484,10319707533.9773,652956514.503345,"","","","",""
"FIN","Finland","Northern Europe","Europe",5535982,1276.68155892,379.39475395,17.476825818,225.03633558,7067686129.91306,2100322528.76163,96751393.1455833,1245797103.11684,"","","","",""
"FJI","Fiji","Oceania Islands","Oceania",924615,237.011012034,39.514885806,212.50084812,318.60185301,219143936.891817,36536056.1395147,196481471.684474,294584052.320841,"","","","",""
"FRA","France","Western Europe","Europe",64531448,1527.63376722,412.13875076,95.327996028,262.24588026,98580419012.4015,26595910363.4539,6151653618.62509,16923106385.2124,"","","","",""
"FSM","Micronesia (country)","Oceania Islands","Oceania",113143,514.463366427,250.11045615,5.163006186,416.07137985,58207928.6676501,28298247.3401795,584158.008902598,47075564.1303685,"","","","",""
"GAB","Gabon","Central Africa","Africa",2341185,286.804175934,114.9751538,23.831948364,379.50068079,671461634.634042,269178105.449253,55795000.0305713,888481301.355336,"","","","",""
"GBR","United Kingdom","Western Europe","Europe",67281040,1195.02,311.6892,144.5808,336.9618,80402188420.8,20970773532.768,9727546588.032,22671140344.272,"","","","",""
"GEO","Georgia","West Asia","Asia",3757984,420.912168465,139.22595228,43.294752336,183.58181247,1581781194.49677,523208901.053004,162700986.562651,689897513.95326,"","","","",""
"GHA","Ghana","West Africa","Africa",32833036,105.560086722,18.711196307,71.098788084,134.92288026,3465858127.50655,614345381.950798,2334389068.71834,4429927784.80027,"","","","",""
"GIN","Guinea","West Africa","Africa",13531909,512.530819917,7.7553006155,81.823207944,56.851206909,6935520414.81223,104944022.19659,1107224203.98629,769305358.432759,"","","","",""
"GMB","Gambia","West Africa","Africa",2639922,270.20710083,2.7081977842,19.065584112,110.44521117,713325670.037335,7149430.91086083,50331654.9401193,291566742.762329,"","","","",""
"GNB","Guinea-Bissau","West Africa","Africa",2060730,242.986218258,85.18478146,43.294589484,29.807253924,500728989.550808,175542834.698066,89218459.3873633,61424702.3788045,"","","","",""
"GNQ","Equatorial Guinea","Central Africa","Africa",1634473,236.348346888,43.331079362,28.995596028,26.254127949,386304991.58307,70823479.2780462,47392518.8266732,42911663.2711859,"*","*","*","*","*"
"GRC","Greece","Southern Europe","Europe",10445368,963.3182361,327.44576611,301.07736168,257.50811247,10062213477.1754,3420291527.06088,3144863839.2167,2689766997.73454,"","","","",""
"GRD","Grenada","Caribbean","Americas",124624,421.529137374,184.38308227,52.424513496,552.06577692,52532647.2160974,22978557.2448165,6533352.5699255,68800645.3828781,"","","","",""
"GTM","Guatemala","Central America","Americas",17608484,743.56786722,64.13508769,5.1635988084,250.50053091,13093102892.8575,1129321665.42796,90923147.0001305,4410934590.52024,"","","","",""
"GUY","Guyana","South America","Americas",804571,235.020314523,72.505810137,41.705944392,609.07694001,189090529.476085,58336072.1677362,33555393.3854158,490045642.700786,"","","","",""
"HKG","Hong Kong","East Asia","Asia",7494580,2186.8866,642.0896,52.8276,575.8158,16389796574.628,4812191874.368,395920674.408,4315497578.364,"","","","",""
"HND","Honduras","Central America","Americas",10278346,436.846352697,103.404030775,1.1916003972,233.82037896,4490057961.8578,1062822406.1001,12247681.176159,2403286756.802,"","","","",""
"HRV","Croatia","Southeast Europe","Europe",4060139,879.66769917,688.4984231,63.949215888,187.03654935,3571573132.44038,2795399299.06681,259642705.446288,759394388.44136,"","","","",""
"HTI","Haiti","Caribbean","Americas",11447575,285.476887137,49.978581535,24.229192056,120.31525065,3268018076.26734,572133560.515528,277365493.250464,1377317855.45967,"","","","",""
"HUN","Hungary","Central Europe","Europe",9709784,383.07056556,615.37729392,3.9720023832,253.95524805,3719532448.34544,5975180602.46771,38567285.1883572,2465850604.23192,"","","","",""
"IDN","Indonesia","Southeast Asia","Asia",273753184,179.9169,14.772,17.0796,140.154,49252824230.4096,4043882034.048,4675594881.4464,38367603750.336,"","","","",""
"IND","India","South Asia","Asia",1407563904,149.3775,2.8313,23.0376,25.9581,210258377069.76,3985235681.3952,32426894194.7904,36537684576.4224,"","","","",""
"IRL","Ireland","Northern Europe","Europe",4986525,1291.2868278,342.34142006,141.800531076,264.91106649,6439034048.9954,1707094049.66469,707091893.223751,1320985655.82905,"","","","",""
"IRN","Iran","West Asia","Asia",87923432,290.7882,0,124.7208,236.5839,25567096529.1024,0,10965880777.7856,20801268443.9448,"","","","",""
"IRQ","Iraq","West Asia","Asia",43533592,207.27615261,4.223410818,53.487730512,106.07511075,9023475459.05347,183860243.399198,2328513037.11536,4617830592.74531,"","","","",""
"ISL","Iceland","Northern Europe","Europe",370338,986.53402242,244.71748208,689.127105,292.73787333,365351036.794978,90628182.878543,255209953.81149,108411958.533286,"","","","",""
"ISR","Israel","West Asia","Asia",8900057,2121.82499751,17.603303693,197.01125958,684.28734675,18884363421.8639,156670406.25601,1753411439.9038,6090196390.45376,"","","","",""
"ITA","Italy","Southern Europe","Europe",59240336,1060.91206722,441.55963845,32.173196028,203.42069013,62848787328.5674,26158141345.8165,1905950942.89259,12050710032.6531,"","","","",""
"JAM","Jamaica","Caribbean","Americas",2827701,486.63850083,38.037883997,34.953588084,513.5359026,1376068175.43549,107559762.616201,98838295.9787149,1452125985.31792,"","","","",""
"JOR","Jordan","West Asia","Asia",11148288,499.252448133,0.12309991383,157.291088784,240.82782234,5565810076.49175,1372353.29215202,1753526357.5976,2684817921.85915,"","","","",""
"JPN","Japan","East Asia","Asia",124612528,633.3606,270.0814,4.7664,251.3889,78924665501.5968,33655526019.7792,593953153.4592,31326206340.1392,"","","","",""
"KAZ","Kazakhstan","Central Asia","Asia",19196468,1800.49713195,108.08181231,360.65763972,198.38701974,34563185577.57,2074789051.39092,6923352839.84051,3808330076.05428,"","","","",""
"KEN","Kenya","East Africa","Africa",53005616,313.360753527,5.0470992614,81.425988084,16.778998026,16609879770.9228,267524605.363652,4316034656.80108,889381126.230914,"","","","",""
"KGZ","Kyrgyzstan","Central Asia","Asia",6527742,1039.00323444,25.850992614,394.81668084,77.47948026,6782345051.58983,168748610.228098,2577261429.81986,505766057.431373,"","","","",""
"KHM","Cambodia","Southeast Asia","Asia",16589031,274.190520747,80.75353845,0.39719972196,19.147787169,4548555048.57813,1339622952.70674,6589158.50078582,317643234.927943,"","","","",""
"KIR","Kiribati","Oceania Islands","Oceania",128883,409.584958947,189.308701035,11.12047791,296.95833468,52788538.2639662,24398673.3154939,1433240.55447453,38272881.0485624,"","","","",""
"KNA","Saint Kitts and Nevis","Caribbean","Americas",47631,260.134064802,209.91601649,70.670427744,727.19697435,12390445.6405841,9998509.78143519,3366103.14387446,34637119.0852648,"","","","",""
"KOR","South Korea","East Asia","Asia",51830136,1357.67569917,471.71924924,17.0796015888,219.01531974,70368516131.8762,24449272841.9271,885238073.17332,11351593808.2077,"","","","",""
"KWT","Kuwait","West Asia","Asia",4250111,867.05320083,5.1701983997,567.20144112,502.87636182,3685072346.43279,21973917.0907474,2410669084.11996,2137280357.01116,"","","","",""
"LAO","Laos","Southeast Asia","Asia",7425055,583.56849834,174.18661079,15.0936103272,63.66153948,4333028196.44191,1293345165.37934,112070886.828028,472690432.023671,"","","","",""
"LBN","Lebanon","West Asia","Asia",5592626,832.53119751,8.124606155,56.005235748,214.37654805,4656035621.00556,45437883.622213,313216337.580394,1198927856.41468,"","","","",""
"LBR","Liberia","West Africa","Africa",5193422,47.8007820747,61.54997538,16.2851928504,123.27625065,248249633.243953,319654996.23795,84575878.8235101,640225592.203224,"","","","",""
"LBY","Libya","North Africa","Africa",6735280,297.4272,0.9848,245.4696,379.1067,2003255471.616,6632903.744,1653306487.488,2553389774.376,"","","","",""
"LCA","Saint Lucia","Caribbean","Americas",179663,695.05297638,196.45338195,76.25687892,604.49374629,124875302.89536,35295403.9612829,13700539.637404,108605159.9397,"","","","",""
"LIE","Liechtenstein","Central Europe","Europe",39058,731.61793278,536.1001307,11.1216023832,174.00807039,28575533.2185212,20938998.9048806,434387.545883026,6796407.21329262,"*","*","*","*","*"
"LKA","Sri Lanka","South Asia","Asia",21773438,83.651406639,1.1079001231,3.17760023832,104.22720987,1821378716.06705,24122794.6405102,69187281.7778457,2269384692.01743,"","","","",""
"LSO","Lesotho","Southern Africa","Africa",2281464,187.882538175,64.99640608,15.4907034804,103.43695845,428647247.074888,148286960.600901,35341482.3252073,235987696.973171,"","","","",""
"LTU","Lithuania","Northern Europe","Europe",2786652,359.83353444,642.82774453,16.6823864952,245.0719026,1002730838.41429,1791337219.95001,46488005.6916221,682930107.524095,"","","","",""
"LUX","Luxembourg","Western Europe","Europe",639330,2036.81346558,422.8418526,44.088508872,185.84919822,1302195952.94926,270335481.622758,28187106.3771358,118818967.897993,"","","","",""
"LVA","Latvia","Northern Europe","Europe",1873926,329.95723776,528.8358766,13.1075590884,250.1050104,618315446.726646,990999298.893532,24562595.7722891,468678281.71883,"","","","",""
"MAC","Macao","East Asia","Asia",686616,900.24049959,670.27364044,44.486010744,380.4851442,618119530.866488,460220605.904351,30544806.7530023,261247187.770027,"","","","",""
"MAR","Morocco","North Africa","Africa",37076588,515.186287137,0.24619992614,199.79156028,172.72496052,19101349711.4282,9128253.22712321,7407589366.37873,6404052198.5163,"","","","",""
"MDA","Moldova","Southeast Europe","Europe",3061509,175.529563323,296.62723795,3.98796172032,243.36480714,537385337.879434,908126958.629067,12209180.6984152,745063547.342374,"","","","",""
"MDG","Madagascar","East Africa","Africa",28915652,79.004093361,8.2476995076,6.3551992056,30.300897039,2284454870.20219,238487608.762333,183764728.619806,876170194.067554,"","","","",""
"MDV","Maldives","South Asia","Asia",521469,618.0802776,8.1244601584,46.074401628,173.70900939,322309704.279794,4236654.11434069,24026372.1425515,90583863.4175939,"","","","",""
"MEX","Mexico","North America","Americas",126705136,1012.44756639,249.2775,33.3648011916,379.6989,128282306592.314,31584739539.24,4227491672.59464,48109800763.5504,"","","","",""
"MKD","North Macedonia","Southeast Europe","Europe",2103329,555.02059917,191.54369848,17.0796087384,163.05247896,1167390921.83164,402879415.78024,35924036.3681301,342953007.518458,"","","","",""
"MLI","Mali","West Africa","Africa",21904990,171.950013693,0.8616996307,34.9535857008,26.747688156,3766563330.44503,18875521.7934872,765657945.240167,585907841.580298,"","","","",""
"MLT","Malta","Southern Europe","Europe",526751,1153.19217552,303.44090912,33.3647348592,239.24834598,607445131.647336,159837802.319869,17574907.4518185,126024305.493311,"","","","",""
"MMR","Myanmar","Southeast Asia","Asia",53798088,172.613960166,61.42688769,8.738398014,120.11788026,9286301019.03896,3304649109.51274,470109105.336197,6462112292.60094,"","","","",""
"MNE","Montenegro","Southeast Europe","Europe",627856,829.88024481,683.4555085,73.482468696,182.30004492,521045290.985427,429111641.744776,46136408.8655958,114458177.003292,"","","","",""
"MNG","Mongolia","East Asia","Asia",3347782,1759.99790415,27.328185228,2573.0600112,53.594065455,5892089303.5511,91488806.5989643,8614043990.41516,179421247.637071,"","","","",""
"MOZ","Mozambique","East Africa","Africa",32077074,49.7924960166,47.885895076,3.57479984112,55.666794078,1597197579.36918,1536039399.90909,114669119.038794,1785627872.98277,"","","","",""
"MRT","Mauritania","West Africa","Africa",4614981,460.081611204,18.588097538,503.64844812,74.518327275,2123267894.15585,85783716.9640168,2324328018.75329,343900664.525907,"","*","","",""
"MUS","Mauritius","Africa Islands","Africa",1298922,418.25314938,43.330801156,105.65422686,404.0740494,543278217.298968,56283330.8991538,137236599.661445,524860672.394747,"","","","",""
"MWI","Malawi","East Africa","Africa",19889742,203.153380083,192.65148769,131.075988084,53.495396052,4040668316.27881,3831788386.07028,2607067585.38583,1064009625.6621,"","","","",""
"MYS","Malaysia","Southeast Asia","Asia",33573872,490.6221,89.2475,38.9256,490.1442,16472083585.7712,2996384141.32,1306883111.9232,16456038632.3424,"","","","",""
"NAM","Namibia","Southern Africa","Africa",2530150,568.2984,75.9527,159.2772,133.24499013,1437880196.76,192171723.905,402995207.58,337129811.777419,"","","","",""
"NER","Niger","Central Africa","Africa",25252722,183.236386722,0.8617,79.042796028,9.5738997039,4627217534.17516,21760270.5474,1996045754.19779,241767027.678469,"","","","",""
"NGA","Nigeria","West Africa","Africa",213401328,104.232293361,18.464998769,76.262392056,11.153099013,22243309823.723,3940455258.82297,16274495741.207,2380086140.68969,"","","","",""
"NIC","Nicaragua","Central America","Americas",6850546,153.36076722,75.337133526,0.39719964252,225.2332026,1050604990.4359,516100498.728005,2721034.42226682,1542970415.13862,"","","","",""
"NIU","Niue","Oceania Islands","Oceania",1957,462.024162687,175.7757302325,36.541844913,307.780093845,904181.286378459,343993.104065002,71512.390494741,602325.643654665,"*","*","*","*","*"
"NLD","Netherlands","Western Europe","Europe",17501696,1105.39369917,388.74987386,33.762007944,120.61141974,19346264483.1888,6803782112.33607,590892399.385473,2110904402.41788,"","","","",""
"NOR","Norway","Northern Europe","Europe",5403021,1274.68780083,340.24832614,187.47836028,214.47506052,6887164956.32831,1838368851.34927,1012949517.63841,1158813255.96583,"","","","",""
"NPL","Nepal","South Asia","Asia",30034988,416.265333195,12.925501231,97.314011916,74.715905922,12502524287.3278,388217274.36707,2922825180.12892,2244091337.7764,"","","","",""
"NRU","Nauru","Oceania Islands","Oceania",12533,1846.23114486,456.1086428,171.275511756,528.4551972,23138814.9385304,5716409.6202124,2146595.98883795,6623128.9865076,"","","","",""
"NZL","New Zealand","Oceania Main","Oceania",5129730,1171.1196,335.2013,479.8176,238.1631,6007527345.708,1719492164.649,2461334737.248,1221712398.963,"","","","",""
"OMN","Oman","West Asia","Asia",4520474,755.51760249,0,488.5556028,201.54523221,3415297678.59838,0,2208502900.01173,911079982.029267,"","","","",""
"OWID_WRL","World",NA,NA,7909295104,620.766417,171.00197686,78.541327056,167.41199874,4909824782705.72,1352505098353.12,621206533545.684,1324110901985.14,"","","","",""
"PAK","Pakistan","South Asia","Asia",231402112,641.99136639,0,99.300007944,63.365405922,148558158068.412,0,22978231559.8584,14662888758.0881,"","","","",""
"PAN","Panama","Central America","Americas",4351264,945.3949278,154.86000927,0.39720055608,563.9725896,4113662915.11874,673836783.376217,1728324.48045089,2453993626.11325,"","","","",""
"PER","Peru","South America","Americas",33715464,281.493613278,57.857003693,30.584403972,426.08795922,9490687784.70433,1950675725.15921,1031167371.07942,14365753249.9154,"","","","",""
"PHL","Philippines","Southeast Asia","Asia",113880336,239.667880083,169.26248769,10.7243992056,151.01099013,27293458712.2597,19275668970.3331,1221298184.93186,17197182295.6971,"","","","",""
"PLW","Palau","Oceania Islands","Oceania",18050,462.024162687,175.7757302325,36.541844913,307.780093845,8339536.13650035,3172751.93069662,659580.30067965,5555430.69390225,"*","*","*","*","*"
"PNG","Papua New Guinea","Oceania Islands","Oceania",9949438,65.7261165975,112.39032462,61.963211916,39.97350987,653937922.067597,1118220566.60656,616499135.239103,397713958.093953,"","","","",""
"POL","Poland","Central Europe","Europe",38307724,112.863019917,691.57589848,0.79440011916,308.63495922,4323525416.78694,26492698644.0239,30431660.5103484,11823102834.551,"","","","",""
"PRK","North Korea","East Asia","Asia",25971910,53.112,54.2871,22.6404,18.9504,1379420083.92,1409939675.361,588014431.164,492178083.264,"","","","",""
"PRT","Portugal","Southern Europe","Europe",10290109,1424.06430498,482.92086915,88.575516588,304.98271377,14653776921.2534,4969308381.92824,911451720.421828,3138305367.8091,"","","","",""
"PRY","Paraguay","South America","Americas",6703802,986.55506805,126.05435076,15.0935952336,106.00376052,6613669838.30373,845043408.73359,101184473.914198,710628221.781497,"","","","",""
"QAT","Qatar","West Asia","Asia",2688239,907.55163195,2.831301231,521.1265986,545.41636779,2439715691.52164,7611214.38992221,1400912846.29387,1466209551.13142,"","","","",""
"ROU","Romania","Southeast Europe","Europe",19328558,335.269546473,454.23906155,111.216015888,219.21272961,6480276874.63708,8779786047.03475,2149645213.62013,4237065958.6052,"","","","",""
"RUS","Russia","Eastern Europe","Europe",145102752,882.32316639,349.85022462,59.182803972,310.11543948,128027519596.543,50764230380.1802,8587587727.41373,44998603706.2374,"","","","",""
"RWA","Rwanda","East Africa","Africa",13461891,179.916886722,11.448298769,43.294796028,14.607599013,2422021518.11091,154115750.163712,582829824.996169,196645905.684714,"","","","",""
"SAU","Saudi Arabia","West Asia","Asia",35950396,394.356633195,4.69680460885,183.109223832,409.21022961,14177277128.587,168851985.622783,6582849108.01304,14711269801.7304,"","*","","",""
"SDN","Sudan","East Africa","Africa",45657204,509.21123361,0,287.96996028,17.272498026,23249161172.0234,0,13147903222.3759,788613965.962679,"","","","",""
"SEN","Senegal","West Africa","Africa",16876726,398.33986722,14.895096307,139.814352336,78.466474338,6722672793.94832,251380459.116851,2359608515.24213,1324257187.58846,"","","","",""
"SGP","Singapore","Southeast Asia","Asia",5941063,239.667880083,89.2475,10.7243992056,120.11788026,1423881974.64955,530225020.0925,63714331.3176195,713627894.051116,"*","*","*","*","*"
"SHN","Saint Helena","Africa Islands","Africa",5428,248.29800249,62.53255958,87.381624744,280.01122884,1347761.55751572,339426.73340024,474307.459110432,1519900.95014352,"*","*","*","*","*"
"SLB","Solomon Islands","Oceania Islands","Oceania",707855,151.368124482,67.33521991,6.752352336,93.76432884,107146683.755206,47663572.089393,4779686.36279928,66371548.9910382,"","","","",""
"SLE","Sierra Leone","West Africa","Africa",8420642,104.232273444,13.048596307,17.4767952336,71.45878026,877702659.518031,109877558.103769,147165835.969452,601728806.326127,"","","","",""
"SLV","El Salvador","Central America","Americas",6314165,702.406764315,72.62906155,0.79440055608,269.94470727,4435112207.00102,458591878.421856,5015976.18718087,1704475422.57948,"","","","",""
"SOM","Somalia","East Africa","Africa",17065588,280.1658,8.2476995076,60.771596028,17.272498026,4781194114.4904,140751841.744504,1037103019.91628,294765335.042529,"*","*","*","*","*"
"SRB","Serbia","Southeast Europe","Europe",7296771,607.46843361,585.70972614,166.029576168,164.73029013,4432558049.78087,4273789744.11629,1211479796.52495,1201999203.84217,"","","","",""
"SSD","South Sudan","East Africa","Africa",10748278,780.74580249,0,144.977888784,37.604668416,8391672932.49561,0,1558262652.50351,404185430.232988,"","","","",""
"STP","Sao Tome and Principe","Africa Islands","Africa",223118,180.574326975,62.53255958,2.383114602,201.43946529,40289382.686008,13952139.6283704,531715.763769036,44944770.6165742,"","","","",""
"SUR","Suriname","South America","Americas",612989,316.680804564,95.27954772,1.58880246264,475.33995012,194121849.708882,58405314.6773351,973918.432771231,291378160.684109,"","","","",""
"SVK","Slovakia","Central Europe","Europe",5447621,435.51833361,525.88312614,3.5747996028,127.71778026,2372538820.05884,2864811961.50591,19474153.3870049,695758061.817761,"","","","",""
"SVN","Slovenia","Southeast Europe","Europe",2119408,803.9835639,280.29895851,34.556431776,247.44112701,1703969197.19817,594067855.057762,73239177.9575086,524428704.11401,"","","","",""
"SWE","Sweden","Northern Europe","Europe",10467095,1432.6968639,341.72574772,45.28081986,160.78238883,14996174180.6434,3576875865.33127,473958643.152507,1682924538.21055,"","","","",""
"SWZ","Eswatini","Southern Africa","Africa",1192273,1046.96771079,23.142742143,76.262209344,69.780727275,1248271333.44673,27592466.603061,90925373.1211989,83197677.0503461,"","","","",""
"SYC","Seychelles","Africa Islands","Africa",106486,939.94112208,134.4050116,115.17070194,417.1422255,100090570.325811,14312252.0652376,12264067.3667828,44419807.024593,"","","","",""
"SYR","Syria","West Asia","Asia",21324366,197.842233195,2.5851002462,318.95163972,63.46410987,4218860190.90753,55125623.7966589,6801441501.68942,1353331906.73209,"","","","",""
"TCA","Turks and Caicos Islands","Caribbean","Americas",45141,486.63850083,170.86038724,44.883278268,552.06577692,21967348.565967,7712808.74040084,2026076.06429579,24920801.2359457,"*","*","*","*","*"
"TCD","Chad","Central Africa","Africa",17179744,1815.10220166,1.7233996307,727.67024112,4.638899013,31182991158.3552,29607564.4651205,12501188458.8599,79695097.4851927,"","","","",""
"TGO","Togo","West Africa","Africa",8644829,45.1452046473,22.034902462,59.977207944,46.389002961,390272574.345914,190487963.815669,518492706.573322,401024998.078339,"","","","",""
"THA","Thailand","Southeast Asia","Asia",71601104,96.2655,161.3841,1.5888,111.8271,6892716077.112,11555279728.0464,113759834.0352,8006943817.1184,"","","","",""
"TJK","Tajikistan","Central Asia","Asia",9750078,1441.98794523,5.1701899058,267.31508364,34.544933871,14059494941.0522,50409754.8563627,2606342916.06652,336815799.747092,"","","","",""
"TKM","Turkmenistan","Central Asia","Asia",6341850,1758.6711,0.9848,804.33,84.5859,11153228315.535,6245453.88,5100940210.5,536431089.915,"","","","",""
"TLS","East Timor","Southeast Asia","Asia",1320944,98.256901245,68.935787037,19.46274042,94.8504039,129791864.158175,91060314.2718029,25709190.1813565,125292071.929282,"","","","",""
"TON","Tonga","Oceania Islands","Oceania",106034,462.024162687,175.7757302325,36.541844913,307.780093845,48990270.0663534,18638203.7794729,3874677.98350504,32635154.4707607,"*","*","*","*","*"
"TTO","Trinidad and Tobago","Caribbean","Americas",1525671,434.187466392,93.678426643,44.883278268,424.99916004,662427226.037749,142922458.854852,68477116.0384178,648408893.497387,"","","","",""
"TUN","Tunisia","North Africa","Africa",12262949,290.788239834,0.12310001231,217.66561986,174.50161974,3565921354.88411,1509569.1728569,2669222395.39657,2139904463.28901,"","","","",""
"TUR","Turkey","West Asia","Asia",84775408,1150.53856722,0,224.020776168,197.89347039,97537376455.8109,0,18991452700.1189,16776499692.8482,"","","","",""
"TUV","Tuvalu","Oceania Islands","Oceania",11229,462.024162687,175.7757302325,36.541844913,307.780093845,5188069.32281232,1973785.67478074,410328.376528077,3456062.6737855,"*","*","*","*","*"
"TWN","Taiwan","East Asia","Asia",23859904,541.74253278,464.08714772,178.342827804,389.0754987,12925924824.8477,11073074792.233,4255242750.49197,9283304047.73412,"","","","",""
"TZA","Tanzania","East Africa","Africa",63588332,529.792166805,8.1245996307,60.771596028,14.903699013,33688600193.7957,516629738.684029,3864364424.39834,947701360.866716,"","","","",""
"UGA","Uganda","East Africa","Africa",45853780,280.1658,34.468,34.9536,14.6076,12846660956.724,1580488089.04,1602754684.608,669813676.728,"","","","",""
"UKR","Ukraine","Eastern Europe","Europe",43531424,420.912580083,217.7639,11.1216,234.51118026,18322923990.527,9479572662.7936,484139085.1584,10208605620.6385,"","","","",""
"URY","Uruguay","South America","Americas",3426265,1079.49987303,255.18591839,25.4207614716,230.16805455,3698652632.46713,874334580.672513,87098265.3034916,788616749.422756,"","","","",""
"USA","United States","North America","Americas",336997632,2510.2059,365.9763,27.804,569.2029,845933444132.429,123333146468.122,9369882160.128,191820029427.533,"","","","",""
"UZB","Uzbekistan","Central Asia","Asia",34081452,2019.58366722,1.9695997538,197.408372196,63.858893091,68830343814.3424,67126819.4683465,6727963961.39611,2176403799.65405,"","","","",""
"VCT","Saint Vincent and the Grenadines","Caribbean","Americas",104340,668.48323365,185.98627512,36.141736416,822.0922374,69749540.599041,19405807.9460208,3771028.77764544,85777104.050316,"","","","",""
"VEN","Venezuela","South America","Americas",28199862,864.39799917,73.121418465,13.9020031776,160.68364935,24375904289.6701,2062013909.95725,392034571.131881,4531256737.32639,"","","","",""
"VGB","British Virgin Islands","Caribbean","Americas",31145,486.63850083,170.86038724,44.883278268,552.06577692,15156356.1083503,5321446.7605898,1397889.70165686,17194088.6221734,"*","*","*","*","*"
"VNM","Vietnam","Southeast Asia","Asia",97468024,343.900219917,336.06301231,9.1356007944,193.64942961,33519274888.4754,32755397749.3434,890428957.482998,18874627252.8138,"","","","",""
"VUT","Vanuatu","Oceania Islands","Oceania",319146,606.79324731,162.24275943,4.76631063,206.27912109,193655637.705997,51779127.7010468,1521148.97232198,65833156.3793891,"","","","",""
"WSM","Samoa","Oceania Islands","Oceania",218781,527.085984264,247.4072417,100.87910832,746.0016438,115316398.723262,54128003.7463677,22070432.1973579,163210985.632208,"","","","",""
"YEM","Yemen","West Asia","Asia",32981644,195.850486722,0.12309998769,156.496784112,106.00379013,6459471030.29173,4060039.97039596,5161521220.72684,3496179268.71837,"","","","",""
"ZAF","South Africa","Southern Africa","Africa",59392256,1157.84153361,69.674592614,133.061988084,437.43836052,68766820771.5977,4138131241.2264,7902851660.15388,25980451092.2241,"","","","",""
"ZMB","Zambia","East Africa","Africa",19473132,683.81693361,23.019698769,32.1731976168,31.978798026,13316057412.0228,448265632.728975,626512924.054032,622727355.161637,"","","","",""
"ZWE","Zimbabwe","Southern Africa","Africa",15993525,2905.88930415,8.986297538,75.865176168,72.347075325,46475413233.1556,143722574.331441,1213351591.67231,1157084757.88727,"","","","",""
